title,category
10 Tips for Starting Your Own Business,Business
The Most Inspiring Female Entrepreneurs of 2024,Business
The Best Ways to Stay Productive While Working From Home,Business
How to Launch a Successful Online Store,Business
How to Start a Successful Blog in 2024,Business
The Science Behind Meditation and Mindfulness,Health
The Ultimate Guide to Yoga for Beginners,Health
The Secret to Maintaining Healthy Skin,Health
How to Deal with Stress in a Healthy Way,Health
Top 5 Tips for Staying Fit and Healthy After 40,Health
Why Space Exploration is Still Important,Science
The Fascinating World of Deep Sea Creatures,Science
What Happens When a Star Explodes? A Look at Supernovae,Science
The Impact of Climate Change on Wildlife,Science
The Science Behind Why We Dream,Science
The Evolution of Social Media: From MySpace to TikTok,Technology
The Art of Storytelling in the Digital Age,Technology
The Rise of Virtual Reality in Entertainment,Technology
The Role of Artificial Intelligence in Healthcare,Technology
Understanding the Basics of Blockchain Technology,Technology
Top 10 Hikes You Need to Try in the U.S.,Travel
Exploring the Best National Parks in Europe,Travel
The Most Beautiful Beaches in the World,Travel
How to Travel Solo and Stay Safe,Travel
Why Traveling is Good for Your Mental Health,Travel
